candidate_id,stream_id,ssrc,audio_path,wav_sha256,source_pcap_sha256,packet_start,packet_end,rtp_timestamp_start,rtp_timestamp_end,start_time_ms,end_time_ms,duration_ms,sample_rate_hz,channels,sample_width_bits,codec,lossless,human_review,human_speech_confirmed,ground_truth_transcript,ground_truth_callsign,ground_truth_status,notes
msg_0001,S1,0x42c7218e,/opt/data/wo067_evidence/human_review/audio/msg_0001.wav,9b3d990172b342122032d623fd9a8a1f64604bace0f09b2c7e6e64915cc3a7d8,0c9a0716d904d025079ecba00c585dfcac699351917dc804dffb0b4d4cd1eb20,15646,15654,8960,10240,0,180,180,8000,1,16,PCM_S16LE_G711_ALAW_DECODED,true,HUMAN_REVIEWED_ACCEPTED,true,,,NOT_PROVIDED,human speech confirmed by CSA (PRE-04 acceptance); transcript not yet entered
msg_0002,S1,0x42c7218e,/opt/data/wo067_evidence/human_review/audio/msg_0002.wav,1115c499d5d6a0daa7815ffefd0ae2ddd947bca22bba8d68f88ce17f1924c3ca,0c9a0716d904d025079ecba00c585dfcac699351917dc804dffb0b4d4cd1eb20,15766,15847,28160,41120,2400,4040,1640,8000,1,16,PCM_S16LE_G711_ALAW_DECODED,true,HUMAN_REVIEWED_ACCEPTED,true,,,NOT_PROVIDED,human speech confirmed by CSA (PRE-04 acceptance); timing re-derived from the authoritative WAV + RTP timestamps (PRE-04 metadata: start 2420.0->2400.0; end 4059.9999999999995->4040.0)
msg_0003,S1,0x42c7218e,/opt/data/wo067_evidence/human_review/audio/msg_0003.wav,82f5cfebc8a0ce3247065a0a0d0f3af9b9b8a05ca111a4a24db53217f9afc175,0c9a0716d904d025079ecba00c585dfcac699351917dc804dffb0b4d4cd1eb20,15873,16038,45280,71680,4540,7860,3320,8000,1,16,PCM_S16LE_G711_ALAW_DECODED,true,HUMAN_REVIEWED_ACCEPTED,true,,,NOT_PROVIDED,human speech confirmed by CSA (PRE-04 acceptance); timing re-derived from the authoritative WAV + RTP timestamps (PRE-04 metadata: start 4560.0->4540.0; end 7880.0->7860.0)
msg_0004,S1,0x42c7218e,/opt/data/wo067_evidence/human_review/audio/msg_0004.wav,f2b4e3ae1aa8d8f17b815445290f5857378683562ad6f35568ff7b78609a8914,0c9a0716d904d025079ecba00c585dfcac699351917dc804dffb0b4d4cd1eb20,16062,16235,75520,103200,8320,11800,3480,8000,1,16,PCM_S16LE_G711_ALAW_DECODED,true,HUMAN_REVIEWED_ACCEPTED,true,,,NOT_PROVIDED,human speech confirmed by CSA (PRE-04 acceptance); timing re-derived from the authoritative WAV + RTP timestamps (PRE-04 metadata: start 8340.0->8320.0; end 11820.0->11800.0)
msg_0005,S1,0x42c7218e,/opt/data/wo067_evidence/human_review/audio/msg_0005.wav,71dd7c9bfcb0ec8e492b231d6d32c8560ad2070f72aec91f3a6f178ef79a569e,0c9a0716d904d025079ecba00c585dfcac699351917dc804dffb0b4d4cd1eb20,16265,16470,108000,140800,12380,16500,4120,8000,1,16,PCM_S16LE_G711_ALAW_DECODED,true,HUMAN_REVIEWED_ACCEPTED,true,,,NOT_PROVIDED,human speech confirmed by CSA (PRE-04 acceptance); timing re-derived from the authoritative WAV + RTP timestamps (PRE-04 metadata: start 12400.0->12380.0; end 16520.0->16500.0)
msg_0006,S1,0x42c7218e,/opt/data/wo067_evidence/human_review/audio/msg_0006.wav,8e1889419f2043c1f55b8f265e531457dcc6fe3539a15f845326ee038263c309,0c9a0716d904d025079ecba00c585dfcac699351917dc804dffb0b4d4cd1eb20,16495,16930,144800,214400,16980,25700,8720,8000,1,16,PCM_S16LE_G711_ALAW_DECODED,true,HUMAN_REVIEWED_ACCEPTED,true,,,NOT_PROVIDED,human speech confirmed by CSA (PRE-04 acceptance); timing re-derived from the authoritative WAV + RTP timestamps (PRE-04 metadata: start 17000.0->16980.0; end 25720.0->25700.0)
msg_0007,S1,0x42c7218e,/opt/data/wo067_evidence/human_review/audio/msg_0007.wav,c68e2ae7d47bc27b30b22f92c65e9bd43074c2d8eee61bf20539839e2cdee09a,0c9a0716d904d025079ecba00c585dfcac699351917dc804dffb0b4d4cd1eb20,16957,17057,218720,234720,26220,28240,2020,8000,1,16,PCM_S16LE_G711_ALAW_DECODED,true,HUMAN_REVIEWED_ACCEPTED,true,,,NOT_PROVIDED,human speech confirmed by CSA (PRE-04 acceptance); timing re-derived from the authoritative WAV + RTP timestamps (PRE-04 metadata: start 26240.0->26220.0; end 28260.0->28240.0)
msg_0008,S1,0x42c7218e,/opt/data/wo067_evidence/human_review/audio/msg_0008.wav,7f9df761a0bcc691c555c4ad965dfc27d7ec31797cb4f814febdf686522e4105,0c9a0716d904d025079ecba00c585dfcac699351917dc804dffb0b4d4cd1eb20,17078,17180,238080,254400,28640,30700,2060,8000,1,16,PCM_S16LE_G711_ALAW_DECODED,true,HUMAN_REVIEWED_ACCEPTED,true,,,NOT_PROVIDED,human speech confirmed by CSA (PRE-04 acceptance); timing re-derived from the authoritative WAV + RTP timestamps (PRE-04 metadata: start 28660.0->28640.0; end 30720.0->30700.0)
msg_0009,S1,0x42c7218e,/opt/data/wo067_evidence/human_review/audio/msg_0009.wav,72d95ceb9cb3354855a74356b1595126c07cd486c455b4dbf3452cad4ae34afb,0c9a0716d904d025079ecba00c585dfcac699351917dc804dffb0b4d4cd1eb20,17209,17231,259040,262560,31260,31720,460,8000,1,16,PCM_S16LE_G711_ALAW_DECODED,true,HUMAN_REVIEWED_ACCEPTED,true,,,NOT_PROVIDED,human speech confirmed by CSA (PRE-04 acceptance); timing re-derived from the authoritative WAV + RTP timestamps (PRE-04 metadata: start 31280.0->31260.0; end 31740.0->31720.0)
msg_0010,S1,0x42c7218e,/opt/data/wo067_evidence/human_review/audio/msg_0010.wav,bb1081403e39d36e6d2e8a9203858ceb4f4dc866a6546bdfb576d1f2f806dadf,0c9a0716d904d025079ecba00c585dfcac699351917dc804dffb0b4d4cd1eb20,17262,17318,267520,276480,32320,33460,1140,8000,1,16,PCM_S16LE_G711_ALAW_DECODED,true,HUMAN_REVIEWED_ACCEPTED,true,,,NOT_PROVIDED,human speech confirmed by CSA (PRE-04 acceptance); timing re-derived from the authoritative WAV + RTP timestamps (PRE-04 metadata: start 32340.000000000004->32320.0; end 33480.0->33460.0)
msg_0011,S1,0x42c7218e,/opt/data/wo067_evidence/human_review/audio/msg_0011.wav,6947ed79393e638399a1bd6054437774c7e82a4fb763b53d1d55e4acc9057980,0c9a0716d904d025079ecba00c585dfcac699351917dc804dffb0b4d4cd1eb20,17334,17385,279040,287200,33760,34800,1040,8000,1,16,PCM_S16LE_G711_ALAW_DECODED,true,HUMAN_REVIEWED_ACCEPTED,true,,,NOT_PROVIDED,human speech confirmed by CSA (PRE-04 acceptance); timing re-derived from the authoritative WAV + RTP timestamps (PRE-04 metadata: start 33780.0->33760.0; end 34820.0->34800.0)
msg_0012,S1,0x42c7218e,/opt/data/wo067_evidence/human_review/audio/msg_0012.wav,7d76ea38358d5e34bf6c59801a2c0f5eddd40622afe9e9ee72e9a918a6fa64b3,0c9a0716d904d025079ecba00c585dfcac699351917dc804dffb0b4d4cd1eb20,17406,17624,290560,325440,35200,39580,4380,8000,1,16,PCM_S16LE_G711_ALAW_DECODED,true,HUMAN_REVIEWED_ACCEPTED,true,,,NOT_PROVIDED,human speech confirmed by CSA (PRE-04 acceptance); timing re-derived from the authoritative WAV + RTP timestamps (PRE-04 metadata: start 35220.0->35200.0; end 39600.0->39580.0)
msg_0013,S1,0x42c7218e,/opt/data/wo067_evidence/human_review/audio/msg_0013.wav,f637fa0957905a43b868ad3468c2ae02478b95349ada3a385b0d388e204f4723,0c9a0716d904d025079ecba00c585dfcac699351917dc804dffb0b4d4cd1eb20,17655,17829,330400,358240,40180,43680,3500,8000,1,16,PCM_S16LE_G711_ALAW_DECODED,true,HUMAN_REVIEWED_ACCEPTED,true,,,NOT_PROVIDED,human speech confirmed by CSA (PRE-04 acceptance); timing re-derived from the authoritative WAV + RTP timestamps (PRE-04 metadata: start 40200.0->40180.0; end 43700.0->43680.0)
msg_0014,S1,0x42c7218e,/opt/data/wo067_evidence/human_review/audio/msg_0014.wav,3553900a237b1c696d364de521e1bcf56214fcffb410dc2d9b3b6fee6b235566,0c9a0716d904d025079ecba00c585dfcac699351917dc804dffb0b4d4cd1eb20,17846,17912,360960,371520,44000,45340,1340,8000,1,16,PCM_S16LE_G711_ALAW_DECODED,true,HUMAN_REVIEWED_ACCEPTED,true,,,NOT_PROVIDED,human speech confirmed by CSA (PRE-04 acceptance); timing re-derived from the authoritative WAV + RTP timestamps (PRE-04 metadata: start 44020.0->44000.0; end 45360.0->45340.0)
msg_0015,S1,0x42c7218e,/opt/data/wo067_evidence/human_review/audio/msg_0015.wav,054a3712e4d2ee325d36c68e17a6aa867bc4535c5a8a2c2da772d3f8ae897406,0c9a0716d904d025079ecba00c585dfcac699351917dc804dffb0b4d4cd1eb20,17939,17993,375840,384480,45860,46960,1100,8000,1,16,PCM_S16LE_G711_ALAW_DECODED,true,HUMAN_REVIEWED_ACCEPTED,true,,,NOT_PROVIDED,human speech confirmed by CSA (PRE-04 acceptance); timing re-derived from the authoritative WAV + RTP timestamps (PRE-04 metadata: start 45880.0->45860.0; end 46980.0->46960.0)
msg_0016,S1,0x42c7218e,/opt/data/wo067_evidence/human_review/audio/msg_0016.wav,f4948d04c4fc6fe94070ef0b466948712f74407df2e5d6ba4e39e173d7a5bfac,0c9a0716d904d025079ecba00c585dfcac699351917dc804dffb0b4d4cd1eb20,18027,18104,389920,402240,47620,49180,1560,8000,1,16,PCM_S16LE_G711_ALAW_DECODED,true,HUMAN_REVIEWED_ACCEPTED,true,,,NOT_PROVIDED,human speech confirmed by CSA (PRE-04 acceptance); timing re-derived from the authoritative WAV + RTP timestamps (PRE-04 metadata: start 47640.0->47620.0; end 49200.0->49180.0)
msg_0017,S1,0x42c7218e,/opt/data/wo067_evidence/human_review/audio/msg_0017.wav,dfcedb02eb3a74483558163cfe7df23db404fe443e12d3572966c7641f92d3fb,0c9a0716d904d025079ecba00c585dfcac699351917dc804dffb0b4d4cd1eb20,18128,18251,406080,425760,49640,52120,2480,8000,1,16,PCM_S16LE_G711_ALAW_DECODED,true,HUMAN_REVIEWED_ACCEPTED,true,,,NOT_PROVIDED,human speech confirmed by CSA (PRE-04 acceptance); timing re-derived from the authoritative WAV + RTP timestamps (PRE-04 metadata: start 49660.0->49640.0; end 52140.0->52120.0)
msg_0018,S1,0x42c7218e,/opt/data/wo067_evidence/human_review/audio/msg_0018.wav,82948aecf5821cb1b8a6498e1d9b0b81243b417bcca54a1a7aec8dd0937903ad,0c9a0716d904d025079ecba00c585dfcac699351917dc804dffb0b4d4cd1eb20,18266,18327,428160,437920,52400,53640,1240,8000,1,16,PCM_S16LE_G711_ALAW_DECODED,true,HUMAN_REVIEWED_ACCEPTED,true,,,NOT_PROVIDED,human speech confirmed by CSA (PRE-04 acceptance); timing re-derived from the authoritative WAV + RTP timestamps (PRE-04 metadata: start 52420.0->52400.0; end 53660.0->53640.0)
msg_0019,S1,0x42c7218e,/opt/data/wo067_evidence/human_review/audio/msg_0019.wav,59af48c95d3242b98019d69f77f78db43709716f10860fa304e6eda22755a0ab,0c9a0716d904d025079ecba00c585dfcac699351917dc804dffb0b4d4cd1eb20,18342,18537,440320,471520,53920,57840,3920,8000,1,16,PCM_S16LE_G711_ALAW_DECODED,true,HUMAN_REVIEWED_ACCEPTED,true,,,NOT_PROVIDED,human speech confirmed by CSA (PRE-04 acceptance); timing re-derived from the authoritative WAV + RTP timestamps (PRE-04 metadata: start 53940.0->53920.0; end 57880.0->57840.0; duration 3940->3920)
msg_0020,S1,0x42c7218e,/opt/data/wo067_evidence/human_review/audio/msg_0020.wav,ba922cea4002990b6b3e29908d153a067823ea43ab0ee532892fcee2ceaa8676,0c9a0716d904d025079ecba00c585dfcac699351917dc804dffb0b4d4cd1eb20,18555,18652,474400,489920,58180,60140,1960,8000,1,16,PCM_S16LE_G711_ALAW_DECODED,true,HUMAN_REVIEWED_ACCEPTED,true,,,NOT_PROVIDED,human speech confirmed by CSA (PRE-04 acceptance); timing re-derived from the authoritative WAV + RTP timestamps (PRE-04 metadata: start 58220.0->58180.0; end 60180.0->60140.0)
msg_0021,S1,0x42c7218e,/opt/data/wo067_evidence/human_review/audio/msg_0021.wav,8f050eacd410172ebf457ed65b05784ef5e3933e24e28dc1a0b07c0a66ea2982,0c9a0716d904d025079ecba00c585dfcac699351917dc804dffb0b4d4cd1eb20,18676,18756,493760,506560,60600,62220,1620,8000,1,16,PCM_S16LE_G711_ALAW_DECODED,true,HUMAN_REVIEWED_ACCEPTED,true,,,NOT_PROVIDED,human speech confirmed by CSA (PRE-04 acceptance); timing re-derived from the authoritative WAV + RTP timestamps (PRE-04 metadata: start 60640.0->60600.0; end 62260.0->62220.0)
msg_0022,S1,0x42c7218e,/opt/data/wo067_evidence/human_review/audio/msg_0022.wav,3c1d07a4342ab2e90ed6137b1dd13471c7cd7621f50d2ea4f3bf1e65ccf8ba84,0c9a0716d904d025079ecba00c585dfcac699351917dc804dffb0b4d4cd1eb20,18780,18827,510400,517920,62680,63640,960,8000,1,16,PCM_S16LE_G711_ALAW_DECODED,true,HUMAN_REVIEWED_ACCEPTED,true,,,NOT_PROVIDED,human speech confirmed by CSA (PRE-04 acceptance); timing re-derived from the authoritative WAV + RTP timestamps (PRE-04 metadata: start 62720.0->62680.0; end 63680.0->63640.0)
msg_0023,S1,0x42c7218e,/opt/data/wo067_evidence/human_review/audio/msg_0023.wav,03750c565b543629bc26bb1242ad4185c6e45e2d8a2309b2aea1c41eb7092660,0c9a0716d904d025079ecba00c585dfcac699351917dc804dffb0b4d4cd1eb20,18842,18865,520320,524000,63920,64400,480,8000,1,16,PCM_S16LE_G711_ALAW_DECODED,true,HUMAN_REVIEWED_ACCEPTED,true,,,NOT_PROVIDED,human speech confirmed by CSA (PRE-04 acceptance); timing re-derived from the authoritative WAV + RTP timestamps (PRE-04 metadata: start 63960.0->63920.0; end 64440.0->64400.0)
msg_0024,S1,0x42c7218e,/opt/data/wo067_evidence/human_review/audio/msg_0024.wav,baaeb52b47ebec11f27d5ef0c86cd3b85fb5808c4bbeddc9b97824128e7eaf47,0c9a0716d904d025079ecba00c585dfcac699351917dc804dffb0b4d4cd1eb20,18889,18973,527840,541280,64860,66560,1700,8000,1,16,PCM_S16LE_G711_ALAW_DECODED,true,HUMAN_REVIEWED_ACCEPTED,true,,,NOT_PROVIDED,human speech confirmed by CSA (PRE-04 acceptance); timing re-derived from the authoritative WAV + RTP timestamps (PRE-04 metadata: start 64900.00000000001->64860.0; end 66600.0->66560.0)
msg_0025,S1,0x42c7218e,/opt/data/wo067_evidence/human_review/audio/msg_0025.wav,ac0ed7be4f09fa9f7aa8734b9aa872dba3dac52f07f2349a576fbb895a53a375,0c9a0716d904d025079ecba00c585dfcac699351917dc804dffb0b4d4cd1eb20,19001,19087,545760,559520,67100,68840,1740,8000,1,16,PCM_S16LE_G711_ALAW_DECODED,true,HUMAN_REVIEWED_ACCEPTED,true,,,NOT_PROVIDED,human speech confirmed by CSA (PRE-04 acceptance); timing re-derived from the authoritative WAV + RTP timestamps (PRE-04 metadata: start 67140.0->67100.0; end 68880.0->68840.0)
msg_0026,S1,0x42c7218e,/opt/data/wo067_evidence/human_review/audio/msg_0026.wav,11d79adfc090ab0bcdcf206c2b90203c7ab31e605baca5d99ddd253aafa458ed,0c9a0716d904d025079ecba00c585dfcac699351917dc804dffb0b4d4cd1eb20,19114,19199,563840,577440,69360,71080,1720,8000,1,16,PCM_S16LE_G711_ALAW_DECODED,true,HUMAN_REVIEWED_ACCEPTED,true,,,NOT_PROVIDED,human speech confirmed by CSA (PRE-04 acceptance); timing re-derived from the authoritative WAV + RTP timestamps (PRE-04 metadata: start 69400.0->69360.0; end 71120.0->71080.0)
msg_0027,S1,0x42c7218e,/opt/data/wo067_evidence/human_review/audio/msg_0027.wav,813a79b4ba97c45bac7945a3c5e3a5fcef727fdec9e8ab603d8bc200633d9e19,0c9a0716d904d025079ecba00c585dfcac699351917dc804dffb0b4d4cd1eb20,19224,19304,581440,594240,71560,73180,1620,8000,1,16,PCM_S16LE_G711_ALAW_DECODED,true,HUMAN_REVIEWED_ACCEPTED,true,,,NOT_PROVIDED,human speech confirmed by CSA (PRE-04 acceptance); timing re-derived from the authoritative WAV + RTP timestamps (PRE-04 metadata: start 71600.0->71560.0; end 73220.0->73180.0)
msg_0028,S1,0x42c7218e,/opt/data/wo067_evidence/human_review/audio/msg_0028.wav,3ee1865c708386a383cc6d9952fdfe0691a9653137af5764e989b8874e620cbe,0c9a0716d904d025079ecba00c585dfcac699351917dc804dffb0b4d4cd1eb20,19328,19411,598080,611360,73640,75320,1680,8000,1,16,PCM_S16LE_G711_ALAW_DECODED,true,HUMAN_REVIEWED_ACCEPTED,true,,,NOT_PROVIDED,human speech confirmed by CSA (PRE-04 acceptance); timing re-derived from the authoritative WAV + RTP timestamps (PRE-04 metadata: start 73680.0->73640.0; end 75360.0->75320.0)
msg_0029,S1,0x42c7218e,/opt/data/wo067_evidence/human_review/audio/msg_0029.wav,3a15ce28d75620ff70bd51f27b53f5d8e3ccbdd489e13f7a4162ce13316f57b4,0c9a0716d904d025079ecba00c585dfcac699351917dc804dffb0b4d4cd1eb20,19435,19516,615200,628160,75780,77420,1640,8000,1,16,PCM_S16LE_G711_ALAW_DECODED,true,HUMAN_REVIEWED_ACCEPTED,true,,,NOT_PROVIDED,human speech confirmed by CSA (PRE-04 acceptance); timing re-derived from the authoritative WAV + RTP timestamps (PRE-04 metadata: start 75820.0->75780.0; end 77460.0->77420.0)
msg_0030,S1,0x42c7218e,/opt/data/wo067_evidence/human_review/audio/msg_0030.wav,ac533799e04107d812fc5eb5e2f748c1d431cde48256f7a8d004671c11fca4a0,0c9a0716d904d025079ecba00c585dfcac699351917dc804dffb0b4d4cd1eb20,19539,19577,631840,637920,77860,78640,780,8000,1,16,PCM_S16LE_G711_ALAW_DECODED,true,HUMAN_REVIEWED_ACCEPTED,true,,,NOT_PROVIDED,human speech confirmed by CSA (PRE-04 acceptance); timing re-derived from the authoritative WAV + RTP timestamps (PRE-04 metadata: start 77900.0->77860.0; end 78680.0->78640.0)
msg_0031,S1,0x42c7218e,/opt/data/wo067_evidence/human_review/audio/msg_0031.wav,b09445a3dd5404a040f9b011e069aea4548f3d180888ce8dbeb9d843ba58ffb8,0c9a0716d904d025079ecba00c585dfcac699351917dc804dffb0b4d4cd1eb20,19601,19639,641760,647840,79100,79880,780,8000,1,16,PCM_S16LE_G711_ALAW_DECODED,true,HUMAN_REVIEWED_ACCEPTED,true,,,NOT_PROVIDED,human speech confirmed by CSA (PRE-04 acceptance); timing re-derived from the authoritative WAV + RTP timestamps (PRE-04 metadata: start 79140.0->79100.0; end 79920.0->79880.0)
msg_0032,S1,0x42c7218e,/opt/data/wo067_evidence/human_review/audio/msg_0032.wav,da6b99e3c9f0a574e5425686c683f05537e161253d96ae93cff49d67e190ce56,0c9a0716d904d025079ecba00c585dfcac699351917dc804dffb0b4d4cd1eb20,19667,19718,652320,660480,80420,81460,1040,8000,1,16,PCM_S16LE_G711_ALAW_DECODED,true,HUMAN_REVIEWED_ACCEPTED,true,,,NOT_PROVIDED,human speech confirmed by CSA (PRE-04 acceptance); timing re-derived from the authoritative WAV + RTP timestamps (PRE-04 metadata: start 80460.0->80420.0; end 81500.0->81460.0)
msg_0033,S1,0x42c7218e,/opt/data/wo067_evidence/human_review/audio/msg_0033.wav,ae944d07fa000b6430cbbd7ad2b51e91292a4ee9665e0363d8696c4929161edd,0c9a0716d904d025079ecba00c585dfcac699351917dc804dffb0b4d4cd1eb20,19738,19791,663680,672160,81840,82920,1080,8000,1,16,PCM_S16LE_G711_ALAW_DECODED,true,HUMAN_REVIEWED_ACCEPTED,true,,,NOT_PROVIDED,human speech confirmed by CSA (PRE-04 acceptance); timing re-derived from the authoritative WAV + RTP timestamps (PRE-04 metadata: start 81880.0->81840.0; end 82960.0->82920.0)
msg_0034,S1,0x42c7218e,/opt/data/wo067_evidence/human_review/audio/msg_0034.wav,98fdd8aecbc92e93737aba06f85e0850937e196f89a8baf1527767ff82be1f59,0c9a0716d904d025079ecba00c585dfcac699351917dc804dffb0b4d4cd1eb20,19815,19864,676000,683840,83380,84380,1000,8000,1,16,PCM_S16LE_G711_ALAW_DECODED,true,HUMAN_REVIEWED_ACCEPTED,true,,,NOT_PROVIDED,human speech confirmed by CSA (PRE-04 acceptance); timing re-derived from the authoritative WAV + RTP timestamps (PRE-04 metadata: start 83420.0->83380.0; end 84420.0->84380.0)
msg_0035,S1,0x42c7218e,/opt/data/wo067_evidence/human_review/audio/msg_0035.wav,455908ef9062a1558572ed5390b7f0f6797c012a1e6d25f6ce816c5a76ad12c1,0c9a0716d904d025079ecba00c585dfcac699351917dc804dffb0b4d4cd1eb20,19886,20079,687360,718240,84800,88680,3880,8000,1,16,PCM_S16LE_G711_ALAW_DECODED,true,HUMAN_REVIEWED_ACCEPTED,true,,,NOT_PROVIDED,human speech confirmed by CSA (PRE-04 acceptance); timing re-derived from the authoritative WAV + RTP timestamps (PRE-04 metadata: start 84840.0->84800.0; end 88720.0->88680.0)
msg_0036,S1,0x42c7218e,/opt/data/wo067_evidence/human_review/audio/msg_0036.wav,24e5485a3b199aa604215566c5399b17ce57dade5da773c552d3ac3faa3f74e2,0c9a0716d904d025079ecba00c585dfcac699351917dc804dffb0b4d4cd1eb20,20103,20223,722080,741280,89140,91560,2420,8000,1,16,PCM_S16LE_G711_ALAW_DECODED,true,HUMAN_REVIEWED_ACCEPTED,true,,,NOT_PROVIDED,human speech confirmed by CSA (PRE-04 acceptance); timing re-derived from the authoritative WAV + RTP timestamps (PRE-04 metadata: start 89180.0->89140.0; end 91600.0->91560.0)
msg_0037,S1,0x42c7218e,/opt/data/wo067_evidence/human_review/audio/msg_0037.wav,b7c3c198f26123fbbb5b24afb29dae4df450767dddbf6f7267d5f23a6c9f0f17,0c9a0716d904d025079ecba00c585dfcac699351917dc804dffb0b4d4cd1eb20,20244,20385,744640,767200,91960,94800,2840,8000,1,16,PCM_S16LE_G711_ALAW_DECODED,true,HUMAN_REVIEWED_ACCEPTED,true,,,NOT_PROVIDED,human speech confirmed by CSA (PRE-04 acceptance); timing re-derived from the authoritative WAV + RTP timestamps (PRE-04 metadata: start 92000.0->91960.0; end 94840.0->94800.0)
msg_0038,S1,0x42c7218e,/opt/data/wo067_evidence/human_review/audio/msg_0038.wav,43387b3a4644adee4f4d5c352ec83bb716da876ca5fe1df48839300d624f1d0f,0c9a0716d904d025079ecba00c585dfcac699351917dc804dffb0b4d4cd1eb20,20418,20490,772480,784000,95440,96900,1460,8000,1,16,PCM_S16LE_G711_ALAW_DECODED,true,HUMAN_REVIEWED_ACCEPTED,true,,,NOT_PROVIDED,human speech confirmed by CSA (PRE-04 acceptance); timing re-derived from the authoritative WAV + RTP timestamps (PRE-04 metadata: start 95480.0->95440.0; end 96940.0->96900.0)
msg_0039,S1,0x42c7218e,/opt/data/wo067_evidence/human_review/audio/msg_0039.wav,2f24afacf415b6f0c672dae67bd3b80fb9c55672a6ad24a784ef0f5e9182620e,0c9a0716d904d025079ecba00c585dfcac699351917dc804dffb0b4d4cd1eb20,20512,20590,787520,800000,97320,98900,1580,8000,1,16,PCM_S16LE_G711_ALAW_DECODED,true,HUMAN_REVIEWED_ACCEPTED,true,,,NOT_PROVIDED,human speech confirmed by CSA (PRE-04 acceptance); timing re-derived from the authoritative WAV + RTP timestamps (PRE-04 metadata: start 97360.0->97320.0; end 98940.0->98900.0)
msg_0040,S1,0x42c7218e,/opt/data/wo067_evidence/human_review/audio/msg_0040.wav,e9fea4ad284334c893cf8046abee02a1a29f155c4c8a5724bd21a4a6f2988f6a,0c9a0716d904d025079ecba00c585dfcac699351917dc804dffb0b4d4cd1eb20,20605,20671,802400,812960,99180,100520,1340,8000,1,16,PCM_S16LE_G711_ALAW_DECODED,true,HUMAN_REVIEWED_ACCEPTED,true,,,NOT_PROVIDED,human speech confirmed by CSA (PRE-04 acceptance); timing re-derived from the authoritative WAV + RTP timestamps (PRE-04 metadata: start 99220.0->99180.0; end 100560.0->100520.0)
msg_0041,S1,0x42c7218e,/opt/data/wo067_evidence/human_review/audio/msg_0041.wav,9fe6794d374aa792abe08c45885f4912f398c241a5919ae9ce56e4c454837886,0c9a0716d904d025079ecba00c585dfcac699351917dc804dffb0b4d4cd1eb20,20697,20819,817120,836640,101020,103480,2460,8000,1,16,PCM_S16LE_G711_ALAW_DECODED,true,HUMAN_REVIEWED_ACCEPTED,true,,,NOT_PROVIDED,human speech confirmed by CSA (PRE-04 acceptance); timing re-derived from the authoritative WAV + RTP timestamps (PRE-04 metadata: start 101060.0->101020.0; end 103520.0->103480.0)
msg_0042,S1,0x42c7218e,/opt/data/wo067_evidence/human_review/audio/msg_0042.wav,8100053f0d5899ffd3ab14f99af8e3b7ee97de6eacd12217a8becc4381547d4a,0c9a0716d904d025079ecba00c585dfcac699351917dc804dffb0b4d4cd1eb20,20838,20908,839680,850880,103840,105260,1420,8000,1,16,PCM_S16LE_G711_ALAW_DECODED,true,HUMAN_REVIEWED_ACCEPTED,true,,,NOT_PROVIDED,human speech confirmed by CSA (PRE-04 acceptance); timing re-derived from the authoritative WAV + RTP timestamps (PRE-04 metadata: start 103880.0->103840.0; end 105300.0->105260.0)
msg_0043,S1,0x42c7218e,/opt/data/wo067_evidence/human_review/audio/msg_0043.wav,32c1472af91891a6ed30add51b6d74283905a1b0b57f7c7cefd30a7cb88d153c,0c9a0716d904d025079ecba00c585dfcac699351917dc804dffb0b4d4cd1eb20,20938,21002,855680,865920,105840,107140,1300,8000,1,16,PCM_S16LE_G711_ALAW_DECODED,true,HUMAN_REVIEWED_ACCEPTED,true,,,NOT_PROVIDED,human speech confirmed by CSA (PRE-04 acceptance); timing re-derived from the authoritative WAV + RTP timestamps (PRE-04 metadata: start 105880.0->105840.0; end 107180.0->107140.0)
msg_0044,S1,0x42c7218e,/opt/data/wo067_evidence/human_review/audio/msg_0044.wav,a7230ef84b2bfd4167b2e40e96a43f6273c8953f231ec36101181001e680a222,0c9a0716d904d025079ecba00c585dfcac699351917dc804dffb0b4d4cd1eb20,21018,21026,868480,869760,107440,107620,180,8000,1,16,PCM_S16LE_G711_ALAW_DECODED,true,HUMAN_REVIEWED_ACCEPTED,true,,,NOT_PROVIDED,human speech confirmed by CSA (PRE-04 acceptance); timing re-derived from the authoritative WAV + RTP timestamps (PRE-04 metadata: start 107480.0->107440.0; end 107660.0->107620.0)
msg_0045,S2,0x7315a2a6,/opt/data/wo067_evidence/human_review/audio/msg_0045.wav,2d98986d42388725d9d3e14688cb70ddb954949d26e111a2984d7cdc0ec00f8a,0c9a0716d904d025079ecba00c585dfcac699351917dc804dffb0b4d4cd1eb20,30097,30178,320,13280,0,1640,1640,8000,1,16,PCM_S16LE_G711_ALAW_DECODED,true,HUMAN_REVIEWED_ACCEPTED,true,,,NOT_PROVIDED,human speech confirmed by CSA (PRE-04 acceptance); timing re-derived from the authoritative WAV + RTP timestamps (PRE-04 metadata: start 20.0->0.0; end 1660.0->1640.0)
msg_0046,S2,0x7315a2a6,/opt/data/wo067_evidence/human_review/audio/msg_0046.wav,3dc8ddeff8a7fe2b1fb6d30381bbb0c3bc1af92e22515a2ebd5ef620da2c1ba5,0c9a0716d904d025079ecba00c585dfcac699351917dc804dffb0b4d4cd1eb20,30201,30286,16960,30560,2080,3800,1720,8000,1,16,PCM_S16LE_G711_ALAW_DECODED,true,HUMAN_REVIEWED_ACCEPTED,true,,,NOT_PROVIDED,human speech confirmed by CSA (PRE-04 acceptance); timing re-derived from the authoritative WAV + RTP timestamps (PRE-04 metadata: start 2100.0->2080.0; end 3820.0->3800.0)
msg_0047,S2,0x7315a2a6,/opt/data/wo067_evidence/human_review/audio/msg_0047.wav,fda04254dd7622eafc3d725aa2b2f783045de0cb68a4c50450d2ffe6dcd18daf,0c9a0716d904d025079ecba00c585dfcac699351917dc804dffb0b4d4cd1eb20,30303,30387,33280,46720,4120,5820,1700,8000,1,16,PCM_S16LE_G711_ALAW_DECODED,true,HUMAN_REVIEWED_ACCEPTED,true,,,NOT_PROVIDED,human speech confirmed by CSA (PRE-04 acceptance); timing re-derived from the authoritative WAV + RTP timestamps (PRE-04 metadata: start 4140.0->4120.0; end 5840.0->5820.0)
msg_0048,S2,0x7315a2a6,/opt/data/wo067_evidence/human_review/audio/msg_0048.wav,59ec8ee42a22b41661bef10754121283891668bfb867381a8ed6c4247aceba20,0c9a0716d904d025079ecba00c585dfcac699351917dc804dffb0b4d4cd1eb20,30413,30460,50880,58400,6320,7280,960,8000,1,16,PCM_S16LE_G711_ALAW_DECODED,true,HUMAN_REVIEWED_ACCEPTED,true,,,NOT_PROVIDED,human speech confirmed by CSA (PRE-04 acceptance); timing re-derived from the authoritative WAV + RTP timestamps (PRE-04 metadata: start 6340.0->6320.0; end 7300.0->7280.0)
msg_0049,S2,0x7315a2a6,/opt/data/wo067_evidence/human_review/audio/msg_0049.wav,6a2219106514c615230a90f6d8722679ee697b3463f7ab79a4fba6e5712b456d,0c9a0716d904d025079ecba00c585dfcac699351917dc804dffb0b4d4cd1eb20,30475,30498,60800,64480,7560,8040,480,8000,1,16,PCM_S16LE_G711_ALAW_DECODED,true,HUMAN_REVIEWED_ACCEPTED,true,,,NOT_PROVIDED,human speech confirmed by CSA (PRE-04 acceptance); timing re-derived from the authoritative WAV + RTP timestamps (PRE-04 metadata: start 7580.0->7560.0; end 8060.000000000001->8040.0)
msg_0050,S2,0x7315a2a6,/opt/data/wo067_evidence/human_review/audio/msg_0050.wav,fb6feb49b3bc08fdcce141e14fee9a8b8cb091650101a5a4302e3bc5cc23a359,0c9a0716d904d025079ecba00c585dfcac699351917dc804dffb0b4d4cd1eb20,30520,30631,68000,85760,8460,10700,2240,8000,1,16,PCM_S16LE_G711_ALAW_DECODED,true,HUMAN_REVIEWED_ACCEPTED,true,,,NOT_PROVIDED,human speech confirmed by CSA (PRE-04 acceptance); timing re-derived from the authoritative WAV + RTP timestamps (PRE-04 metadata: start 8480.0->8460.0; end 10720.0->10700.0)
msg_0051,S2,0x7315a2a6,/opt/data/wo067_evidence/human_review/audio/msg_0051.wav,7e81fd1c2294f32f9247ebb18ddf59f30ac8f5608a8e4b6670f092d0cc2c053c,0c9a0716d904d025079ecba00c585dfcac699351917dc804dffb0b4d4cd1eb20,30657,30816,89920,115360,11200,14400,3200,8000,1,16,PCM_S16LE_G711_ALAW_DECODED,true,HUMAN_REVIEWED_ACCEPTED,true,,,NOT_PROVIDED,human speech confirmed by CSA (PRE-04 acceptance); timing re-derived from the authoritative WAV + RTP timestamps (PRE-04 metadata: start 11220.0->11200.0; end 14420.0->14400.0)
msg_0052,S2,0x7315a2a6,/opt/data/wo067_evidence/human_review/audio/msg_0052.wav,b9a203191fe4980500fed4395c632b9d1353be6ca004eff4fb3c3bcd1e3097bd,0c9a0716d904d025079ecba00c585dfcac699351917dc804dffb0b4d4cd1eb20,30836,30876,118560,124960,14780,15600,820,8000,1,16,PCM_S16LE_G711_ALAW_DECODED,true,HUMAN_REVIEWED_ACCEPTED,true,,,NOT_PROVIDED,human speech confirmed by CSA (PRE-04 acceptance); timing re-derived from the authoritative WAV + RTP timestamps (PRE-04 metadata: start 14800.0->14780.0; end 15620.0->15600.0)
msg_0053,S2,0x7315a2a6,/opt/data/wo067_evidence/human_review/audio/msg_0053.wav,1afa91fea200267d752015e7c3845ebc75bcbda34c9ca067df211231d116bde6,0c9a0716d904d025079ecba00c585dfcac699351917dc804dffb0b4d4cd1eb20,30905,30928,129600,133280,16160,16640,480,8000,1,16,PCM_S16LE_G711_ALAW_DECODED,true,HUMAN_REVIEWED_ACCEPTED,true,,,NOT_PROVIDED,human speech confirmed by CSA (PRE-04 acceptance); timing re-derived from the authoritative WAV + RTP timestamps (PRE-04 metadata: start 16180.0->16160.0; end 16660.0->16640.0)
msg_0054,S2,0x7315a2a6,/opt/data/wo067_evidence/human_review/audio/msg_0054.wav,80d6ab0f071c6d328e4241e2510ada6ba7b1938e89c3e6d30306d1929849671a,0c9a0716d904d025079ecba00c585dfcac699351917dc804dffb0b4d4cd1eb20,30963,31102,138880,161120,17320,20120,2800,8000,1,16,PCM_S16LE_G711_ALAW_DECODED,true,HUMAN_REVIEWED_ACCEPTED,true,,,NOT_PROVIDED,human speech confirmed by CSA (PRE-04 acceptance); timing re-derived from the authoritative WAV + RTP timestamps (PRE-04 metadata: start 17340.0->17320.0; end 20140.0->20120.0)
msg_0055,S2,0x7315a2a6,/opt/data/wo067_evidence/human_review/audio/msg_0055.wav,1bbf7c25f205a421e8af100272cc36958948c7ea65653f1add9488f9c8de1201,0c9a0716d904d025079ecba00c585dfcac699351917dc804dffb0b4d4cd1eb20,31129,31259,165440,186240,20640,23260,2620,8000,1,16,PCM_S16LE_G711_ALAW_DECODED,true,HUMAN_REVIEWED_ACCEPTED,true,,,NOT_PROVIDED,human speech confirmed by CSA (PRE-04 acceptance); timing re-derived from the authoritative WAV + RTP timestamps (PRE-04 metadata: start 20660.0->20640.0; end 23280.0->23260.0)
msg_0056,S2,0x7315a2a6,/opt/data/wo067_evidence/human_review/audio/msg_0056.wav,64638ed6f5f39c4de6bde78a050cb6888ef6cd7ed0fb392160d9550bf1fbf18c,0c9a0716d904d025079ecba00c585dfcac699351917dc804dffb0b4d4cd1eb20,31284,31552,190240,233120,23740,29120,5380,8000,1,16,PCM_S16LE_G711_ALAW_DECODED,true,HUMAN_REVIEWED_ACCEPTED,true,,,NOT_PROVIDED,human speech confirmed by CSA (PRE-04 acceptance); timing re-derived from the authoritative WAV + RTP timestamps (PRE-04 metadata: start 23760.0->23740.0; end 29140.0->29120.0)
msg_0057,S2,0x7315a2a6,/opt/data/wo067_evidence/human_review/audio/msg_0057.wav,bfdd433966d574f11eb78c135fb0023911b84f05c1596a66cc3d308a5a01d56f,0c9a0716d904d025079ecba00c585dfcac699351917dc804dffb0b4d4cd1eb20,31568,31724,235680,260640,29420,32560,3140,8000,1,16,PCM_S16LE_G711_ALAW_DECODED,true,HUMAN_REVIEWED_ACCEPTED,true,,,NOT_PROVIDED,human speech confirmed by CSA (PRE-04 acceptance); timing re-derived from the authoritative WAV + RTP timestamps (PRE-04 metadata: start 29440.0->29420.0; end 32580.0->32560.0)
msg_0058,S2,0x7315a2a6,/opt/data/wo067_evidence/human_review/audio/msg_0058.wav,de5c585ae2c5d68183e63a95c8a7523978756f2f40bb912037dfb03add83977f,0c9a0716d904d025079ecba00c585dfcac699351917dc804dffb0b4d4cd1eb20,31750,31787,264800,270720,33060,33820,760,8000,1,16,PCM_S16LE_G711_ALAW_DECODED,true,HUMAN_REVIEWED_ACCEPTED,true,,,NOT_PROVIDED,human speech confirmed by CSA (PRE-04 acceptance); timing re-derived from the authoritative WAV + RTP timestamps (PRE-04 metadata: start 33080.0->33060.0; end 33840.0->33820.0)
msg_0059,S2,0x7315a2a6,/opt/data/wo067_evidence/human_review/audio/msg_0059.wav,b6063aa5ff05b745d546cf2fd78cee523d90debebfd98d5941148812764f6d7d,0c9a0716d904d025079ecba00c585dfcac699351917dc804dffb0b4d4cd1eb20,31810,31878,274400,285280,34260,35640,1380,8000,1,16,PCM_S16LE_G711_ALAW_DECODED,true,HUMAN_REVIEWED_ACCEPTED,true,,,NOT_PROVIDED,human speech confirmed by CSA (PRE-04 acceptance); timing re-derived from the authoritative WAV + RTP timestamps (PRE-04 metadata: start 34280.0->34260.0; end 35660.0->35640.0)
msg_0060,S2,0x7315a2a6,/opt/data/wo067_evidence/human_review/audio/msg_0060.wav,0bb1990040ec778253a9c7f0daff3a92573f5b403459eac5ce5d594da9e15ab2,0c9a0716d904d025079ecba00c585dfcac699351917dc804dffb0b4d4cd1eb20,31905,31945,289600,296000,36160,36980,820,8000,1,16,PCM_S16LE_G711_ALAW_DECODED,true,HUMAN_REVIEWED_ACCEPTED,true,,,NOT_PROVIDED,human speech confirmed by CSA (PRE-04 acceptance); timing re-derived from the authoritative WAV + RTP timestamps (PRE-04 metadata: start 36180.0->36160.0; end 37000.0->36980.0)
msg_0061,S2,0x7315a2a6,/opt/data/wo067_evidence/human_review/audio/msg_0061.wav,65b15ec798e968d3291564531e9a4d8a0c599f99e0a7d1ca3bb235f6d689db3c,0c9a0716d904d025079ecba00c585dfcac699351917dc804dffb0b4d4cd1eb20,31963,32220,298880,340000,37320,42480,5160,8000,1,16,PCM_S16LE_G711_ALAW_DECODED,true,HUMAN_REVIEWED_ACCEPTED,true,,,NOT_PROVIDED,human speech confirmed by CSA (PRE-04 acceptance); timing re-derived from the authoritative WAV + RTP timestamps (PRE-04 metadata: start 37340.0->37320.0; end 42500.0->42480.0)
msg_0062,S2,0x7315a2a6,/opt/data/wo067_evidence/human_review/audio/msg_0062.wav,94a46258d8b655761508faee370978094df5d8e395475acfab99af3558649f09,0c9a0716d904d025079ecba00c585dfcac699351917dc804dffb0b4d4cd1eb20,32242,32350,343520,360800,42900,45080,2180,8000,1,16,PCM_S16LE_G711_ALAW_DECODED,true,HUMAN_REVIEWED_ACCEPTED,true,,,NOT_PROVIDED,human speech confirmed by CSA (PRE-04 acceptance); timing re-derived from the authoritative WAV + RTP timestamps (PRE-04 metadata: start 42920.0->42900.0; end 45100.0->45080.0)
msg_0063,S2,0x7315a2a6,/opt/data/wo067_evidence/human_review/audio/msg_0063.wav,8d973986addcb79cf4efc7e108ff0555dd0f9c5fa4900da3587a1d1f62a07fe9,0c9a0716d904d025079ecba00c585dfcac699351917dc804dffb0b4d4cd1eb20,32365,32689,363200,415040,45360,51860,6500,8000,1,16,PCM_S16LE_G711_ALAW_DECODED,true,HUMAN_REVIEWED_ACCEPTED,true,,,NOT_PROVIDED,human speech confirmed by CSA (PRE-04 acceptance); timing re-derived from the authoritative WAV + RTP timestamps (PRE-04 metadata: start 45380.0->45360.0; end 51880.0->51860.0)
msg_0064,S2,0x7315a2a6,/opt/data/wo067_evidence/human_review/audio/msg_0064.wav,6f1d0f8a441ec7a6c17b83a6d830dd3f897a035969945294c96f89925f279eb6,0c9a0716d904d025079ecba00c585dfcac699351917dc804dffb0b4d4cd1eb20,32716,32788,419360,430880,52380,53840,1460,8000,1,16,PCM_S16LE_G711_ALAW_DECODED,true,HUMAN_REVIEWED_ACCEPTED,true,,,NOT_PROVIDED,human speech confirmed by CSA (PRE-04 acceptance); timing re-derived from the authoritative WAV + RTP timestamps (PRE-04 metadata: start 52400.0->52380.0; end 53860.0->53840.0)
msg_0065,S2,0x7315a2a6,/opt/data/wo067_evidence/human_review/audio/msg_0065.wav,d499c618263b3934b6fabe2cf9ee39ab9586c415c56e8f551c95b015caaeea8f,0c9a0716d904d025079ecba00c585dfcac699351917dc804dffb0b4d4cd1eb20,32805,32890,433600,447200,54160,55880,1720,8000,1,16,PCM_S16LE_G711_ALAW_DECODED,true,HUMAN_REVIEWED_ACCEPTED,true,,,NOT_PROVIDED,human speech confirmed by CSA (PRE-04 acceptance); timing re-derived from the authoritative WAV + RTP timestamps (PRE-04 metadata: start 54180.0->54160.0; end 55900.0->55880.0)
msg_0066,S2,0x7315a2a6,/opt/data/wo067_evidence/human_review/audio/msg_0066.wav,7002e85c10426f2225d609223246503577f6d476aa6ccf4cd592e876801f66e1,0c9a0716d904d025079ecba00c585dfcac699351917dc804dffb0b4d4cd1eb20,32914,32937,451040,454720,56340,56820,480,8000,1,16,PCM_S16LE_G711_ALAW_DECODED,true,HUMAN_REVIEWED_ACCEPTED,true,,,NOT_PROVIDED,human speech confirmed by CSA (PRE-04 acceptance); timing re-derived from the authoritative WAV + RTP timestamps (PRE-04 metadata: start 56360.0->56340.0; end 56840.0->56820.0)
msg_0067,S2,0x7315a2a6,/opt/data/wo067_evidence/human_review/audio/msg_0067.wav,c6056484ca03a6e9922b8fb70236e249947bf1a578c380fef97d9210b44ba035,0c9a0716d904d025079ecba00c585dfcac699351917dc804dffb0b4d4cd1eb20,32952,33068,457120,475680,57100,59440,2340,8000,1,16,PCM_S16LE_G711_ALAW_DECODED,true,HUMAN_REVIEWED_ACCEPTED,true,,,NOT_PROVIDED,human speech confirmed by CSA (PRE-04 acceptance); timing re-derived from the authoritative WAV + RTP timestamps (PRE-04 metadata: start 57120.0->57100.0; end 59460.0->59440.0)
